Workbook

Sheet SCHEDULE
A1: G # | B1: Day | C1: Date | D1: Time | F1: Teams & Scores | L1: Host/Park/Field | M1: Umpire(s) | N1: Umpire (bases) | P1: SUM | R1: Teams | V1: Updates | X1: # | Y1: Team | Z1: GC Name | AA1: Park | AB1: Host
A2: 1 | B2: =+C2 -> 46186 | C2: 46186 | D2: 0.5 | F2: =+R2 -> DSBP | H2: vs | I2: =+U2 -> Lower Perk | L2: EX-Manor Park | M2: D27 Umpires (assigned by Gary Hall) | P2: =+G2+J2 -> 0 | R2: =+Y2 -> DSBP | U2: =+Y3 -> Lower Perk | X2: 1 | Y2: =VLOOKUP($X2,'D27'!$L$17:$Q$23,2,FALSE) -> DSBP | Z2: =VLOOKUP($X2,'D27'!$L$17:$Q$23,3,FALSE) -> DSBP-D27-SB12 | AA2: =VLOOKUP($X2,'D27'!$L$17:$Q$23,6,FALSE) -> BP-Field of Dreams | AB2: =IF(AA2="","",COUNTIF($L$2:$L$26,$AA2)) -> 2
A3: 2 | B3: =+C3 -> 46186 | C3: 46186 | D3: 0.41666667 | F3: =+R3 -> Exton | H3: vs | I3: =+U3 -> Radnor/Wayne | L3: EX-Manor Park | M3: D27 Umpires (assigned by Gary Hall) | P3: =+G3+J3 -> 0 | R3: =+Y4 -> Exton | U3: =+Y5 -> Radnor/Wayne | X3: 2 | Y3: =VLOOKUP($X3,'D27'!$L$17:$Q$23,2,FALSE) -> Lower Perk | Z3: =VLOOKUP($X3,'D27'!$L$17:$Q$23,3,FALSE) -> LP-D27-SB12 | AA3: =VLOOKUP($X3,'D27'!$L$17:$Q$23,6,FALSE) -> LP-Palmer Park | AB3: =IF(AA3="","",COUNTIF($L$2:$L$26,$AA3)) -> 2
X4: 3 | Y4: =VLOOKUP($X4,'D27'!$L$17:$Q$23,2,FALSE) -> Exton | Z4: =VLOOKUP($X4,'D27'!$L$17:$Q$23,3,FALSE) -> EX-D27-SB12 | AA4: =VLOOKUP($X4,'D27'!$L$17:$Q$23,6,FALSE) -> EX-Manor Park | AB4: =IF(AA4="","",COUNTIF($L$2:$L$26,$AA4)) -> 2
A5: 3 | B5: =+C5 -> 46189 | C5: 46189 | D5: 0.75 | F5: =+R5 -> Chester Valley | H5: vs | I5: {=IF((INDIRECT("SCHEDULE!P"&T5))>0,(IF((INDIRECT("SCHEDULE!G"&T5))>(INDIRECT("SCHEDULE!J"&T5)),(INDIRECT("SCHEDULE!F"&T5)),(INDIRECT("SCHEDULE!I"&T5)))),U5)} -> WG-1 | L5: CV-Mill Rd Park | M5: D27 Umpires (assigned by Gary Hall) | P5: =+G5+J5 -> 0 | R5: =+Y6 -> Chester Valley | T5: 2 | U5: WG-1 | X5: 4 | Y5: =VLOOKUP($X5,'D27'!$L$17:$Q$23,2,FALSE) -> Radnor/Wayne | Z5: =VLOOKUP($X5,'D27'!$L$17:$Q$23,3,FALSE) -> RW-D27-SB12 | AA5: =VLOOKUP($X5,'D27'!$L$17:$Q$23,6,FALSE) -> R/W-Tunnell Park | AB5: =IF(AA5="","",COUNTIF($L$2:$L$26,$AA5)) -> 2
A6: 4 | B6: =+C6 -> 46189 | C6: 46189 | D6: 0.75 | F6: {=IF((INDIRECT("SCHEDULE!P"&S6))>0,(IF((INDIRECT("SCHEDULE!G"&S6))>(INDIRECT("SCHEDULE!J"&S6)),(INDIRECT("SCHEDULE!F"&S6)),(INDIRECT("SCHEDULE!I"&S6)))),R6)} -> WG-2 | H6: vs | I6: =+U6 -> Lower Merion | L6: LM-S. Ardmore Park | M6: D27 Umpires (assigned by Gary Hall) | P6: =+G6+J6 -> 0 | R6: WG-2 | S6: 3 | U6: =+Y7 -> Lower Merion | X6: 5 | Y6: =VLOOKUP($X6,'D27'!$L$17:$Q$23,2,FALSE) -> Chester Valley | Z6: =VLOOKUP($X6,'D27'!$L$17:$Q$23,3,FALSE) -> CV-D27-SB12 | AA6: =VLOOKUP($X6,'D27'!$L$17:$Q$23,6,FALSE) -> CV-Mill Rd Park | AB6: =IF(AA6="","",COUNTIF($L$2:$L$26,$AA6)) -> 2
X7: 6 | Y7: =VLOOKUP($X7,'D27'!$L$17:$Q$23,2,FALSE) -> Lower Merion | Z7: =VLOOKUP($X7,'D27'!$L$17:$Q$23,3,FALSE) -> LM-D27-SB12 | AA7: =VLOOKUP($X7,'D27'!$L$17:$Q$23,6,FALSE) -> LM-S. Ardmore Park | AB7: =IF(AA7="","",COUNTIF($L$2:$L$26,$AA7)) -> 1
A8: 5 | B8: =+C8 -> 46191 | C8: 46191 | D8: 0.75 | F8: {=IF((INDIRECT("SCHEDULE!P"&S8))>0,(IF((INDIRECT("SCHEDULE!G"&S8))<(INDIRECT("SCHEDULE!J"&S8)),(INDIRECT("SCHEDULE!F"&S8)),(INDIRECT("SCHEDULE!I"&S8)))),R8)} -> LG-1 | H8: vs | I8: {=IF((INDIRECT("SCHEDULE!P"&T8))>0,(IF((INDIRECT("SCHEDULE!G"&T8))<(INDIRECT("SCHEDULE!J"&T8)),(INDIRECT("SCHEDULE!F"&T8)),(INDIRECT("SCHEDULE!I"&T8)))),U8)} -> LG-4 | L8: R/W-Tunnell Park | M8: D27 Umpires (assigned by Gary Hall) | P8: =+G8+J8 -> 0 | R8: LG-1 | S8: 2 | T8: 6 | U8: LG-4
A9: 6 | B9: =+C9 -> 46191 | C9: 46191 | D9: 0.75 | F9: {=IF((INDIRECT("SCHEDULE!P"&S9))>0,(IF((INDIRECT("SCHEDULE!G"&S9))<(INDIRECT("SCHEDULE!J"&S9)),(INDIRECT("SCHEDULE!F"&S9)),(INDIRECT("SCHEDULE!I"&S9)))),R9)} -> LG-2 | H9: vs | I9: {=IF((INDIRECT("SCHEDULE!P"&T9))>0,(IF((INDIRECT("SCHEDULE!G"&T9))<(INDIRECT("SCHEDULE!J"&T9)),(INDIRECT("SCHEDULE!F"&T9)),(INDIRECT("SCHEDULE!I"&T9)))),U9)} -> LG-3 | L9: CV-Mill Rd Park | M9: D27 Umpires (assigned by Gary Hall) | P9: =+G9+J9 -> 0 | R9: LG-2 | S9: 3 | T9: 5 | U9: LG-3
AB10: =IF(AA10="","",COUNTIF(#REF!,$AA10))
A11: 7 | B11: =+C11 -> 46193 | C11: 46193 | D11: 0.375 | F11: {=IF((INDIRECT("SCHEDULE!P"&S11))>0,(IF((INDIRECT("SCHEDULE!G"&S11))>(INDIRECT("SCHEDULE!J"&S11)),(INDIRECT("SCHEDULE!F"&S11)),(INDIRECT("SCHEDULE!I"&S11)))),R11)} -> WG-3 | H11: vs | I11: {=IF((INDIRECT("SCHEDULE!P"&T11))>0,(IF((INDIRECT("SCHEDULE!G"&T11))>(INDIRECT("SCHEDULE!J"&T11)),(INDIRECT("SCHEDULE!F"&T11)),(INDIRECT("SCHEDULE!I"&T11)))),U11)} -> WG-4 | L11: LP-Palmer Park | M11: D27 Umpires (assigned by Gary Hall) | P11: =+G11+J11 -> 0 | R11: WG-3 | S11: 5 | T11: 6 | U11: WG-4
A12: 8 | B12: =+C12 -> 46193 | C12: 46193 | D12: 0.45833333 | F12: {=IF((INDIRECT("SCHEDULE!P"&S12))>0,(IF((INDIRECT("SCHEDULE!G"&S12))>(INDIRECT("SCHEDULE!J"&S12)),(INDIRECT("SCHEDULE!F"&S12)),(INDIRECT("SCHEDULE!I"&S12)))),R12)} -> WG-5 | H12: vs | I12: {=IF((INDIRECT("SCHEDULE!P"&T12))>0,(IF((INDIRECT("SCHEDULE!G"&T12))>(INDIRECT("SCHEDULE!J"&T12)),(INDIRECT("SCHEDULE!F"&T12)),(INDIRECT("SCHEDULE!I"&T12)))),U12)} -> WG-6 | L12: LP-Palmer Park | M12: D27 Umpires (assigned by Gary Hall) | P12: =+G12+J12 -> 0 | R12: WG-5 | S12: 8 | T12: 9 | U12: WG-6 | Y12: Total | AB12: =SUM(AB2:AB10) -> 11
A14: 9 | B14: =+C14 -> 46195 | C14: 46195 | D14: 0.75 | F14: {=IF((INDIRECT("SCHEDULE!P"&S14))>0,(IF((INDIRECT("SCHEDULE!G"&S14))>(INDIRECT("SCHEDULE!J"&S14)),(INDIRECT("SCHEDULE!F"&S14)),(INDIRECT("SCHEDULE!I"&S14)))),R14)} -> WG-8 | H14: vs | I14: {=IF((INDIRECT("SCHEDULE!P"&T14))>0,(IF((INDIRECT("SCHEDULE!G"&T14))<(INDIRECT("SCHEDULE!J"&T14)),(INDIRECT("SCHEDULE!F"&T14)),(INDIRECT("SCHEDULE!I"&T14)))),U14)} -> LG-7 | L14: R/W-Tunnell Park | M14: D27 Umpires (assigned by Gary Hall) | P14: =+G14+J14 -> 0 | R14: WG-8 | S14: 12 | T14: 11 | U14: LG-7
A16: 10 | B16: =+C16 -> 46197 | C16: 46197 | D16: 0.75 | F16: {=IF((INDIRECT("SCHEDULE!P"&S16))>0,(IF((INDIRECT("SCHEDULE!G"&S16))>(INDIRECT("SCHEDULE!J"&S16)),(INDIRECT("SCHEDULE!F"&S16)),(INDIRECT("SCHEDULE!I"&S16)))),R16)} -> WG-8 | H16: vs | I16: {=IF((INDIRECT("SCHEDULE!P"&T16))>0,(IF((INDIRECT("SCHEDULE!G"&T16))>(INDIRECT("SCHEDULE!J"&T16)),(INDIRECT("SCHEDULE!F"&T16)),(INDIRECT("SCHEDULE!I"&T16)))),U16)} -> WG-9 | L16: BP-Field of Dreams | M16: D27 Umpires (assigned by Gary Hall) | P16: =+G16+J16 -> 0 | R16: WG-8 | S16: 12 | T16: 14 | U16: WG-9
A18: 11 | B18: =+C18 -> 46198 | C18: 46198 | D18: 0.75 | F18: {=IF((INDIRECT("SCHEDULE!P"&S18))>0,(IF((INDIRECT("SCHEDULE!G"&S18))>(INDIRECT("SCHEDULE!J"&S18)),(INDIRECT("SCHEDULE!F"&S18)),(INDIRECT("SCHEDULE!I"&S18)))),R18)} -> WG-10 | H18: vs | I18: {=IF((INDIRECT("SCHEDULE!P"&T18))>0,(IF((INDIRECT("SCHEDULE!G"&T18))<(INDIRECT("SCHEDULE!J"&T18)),(INDIRECT("SCHEDULE!F"&T18)),"Not Necessary")),U18)} -> If Necessary | L18: BP-Field of Dreams | M18: D27 Umpires (assigned by Gary Hall) | P18: =+G18+J18 -> 0 | R18: WG-10 | S18: 16 | T18: 16 | U18: If Necessary
A20: Champion | F20: {=IF(INDIRECT("SCHEDULE!P"&S20)>0,IF(INDIRECT("SCHEDULE!G"&S20)>INDIRECT("SCHEDULE!J"&S20),INDIRECT("SCHEDULE!F"&S20),INDIRECT("SCHEDULE!I"&S20)),IF(INDIRECT("SCHEDULE!P"&T20)>0,IF(INDIRECT("SCHEDULE!G"&T20)>INDIRECT("SCHEDULE!J"&T20),INDIRECT("SCHEDULE!F"&T20),R20),R20))} -> Champion | R20: Champion | S20: 18 | T20: 16

Sheet BRACKET
B2: =IF(SCHEDULE!$P5>0,CONCATENATE(SCHEDULE!$F5," - ", SCHEDULE!$G5), SCHEDULE!$F5) -> Chester Valley | F2: PA District 27
B3: =_xlfn.CONCAT("(",SCHEDULE!$A5,") - ",TEXT(SCHEDULE!$C5,"DDD M/D")," ",TEXT(SCHEDULE!$D5,"H:MM AM/PM")," (",SCHEDULE!$L5,")") -> (3) - Tue 6/16 6:00 PM (CV-Mill Rd Park) | F3: LL International | G3: SB-12
D4: =IF(SCHEDULE!$P11>0,CONCATENATE(SCHEDULE!$F11," - ", SCHEDULE!$G11), SCHEDULE!$F11) -> WG-3 | F4: Little League Softball
D5: =_xlfn.CONCAT("(",SCHEDULE!$A11,") - ",TEXT(SCHEDULE!$C11,"DDD M/D")," ",TEXT(SCHEDULE!$D11,"H:MM AM/PM")," (",SCHEDULE!$L11,")") -> (7) - Sat 6/20 9:00 AM (LP-Palmer Park)
A6: =IF(SCHEDULE!$P2>0,CONCATENATE(SCHEDULE!$F2," - ", SCHEDULE!$G2), SCHEDULE!$F2) -> DSBP
A7: =_xlfn.CONCAT("(",SCHEDULE!$A2,") - ",TEXT(SCHEDULE!$C2,"DDD M/D")," ",TEXT(SCHEDULE!$D2,"H:MM AM/PM")," (",SCHEDULE!$L2,")") -> (1) - Sat 6/13 12:00 PM (EX-Manor Park)
B8: =IF(SCHEDULE!$P5>0,CONCATENATE(SCHEDULE!$I5," - ", SCHEDULE!$J5), SCHEDULE!$I5) -> WG-1
A10: =IF(SCHEDULE!$P2>0,CONCATENATE(SCHEDULE!$I2," - ", SCHEDULE!$J2), SCHEDULE!$I2) -> Lower Perk | E10: =IF(SCHEDULE!$P16>0,CONCATENATE(SCHEDULE!$F16," - ", SCHEDULE!$G16), SCHEDULE!$F16) -> WG-8
E11: =_xlfn.CONCAT("(",SCHEDULE!$A16,") - ",TEXT(SCHEDULE!$C16,"DDD M/D")," ",TEXT(SCHEDULE!$D16,"H:MM AM/PM")," (",SCHEDULE!$L16,")") -> (10) - Wed 6/24 6:00 PM (BP-Field of Dreams)
A12: =IF(SCHEDULE!$P3>0,CONCATENATE(SCHEDULE!$F3," - ", SCHEDULE!$G3), SCHEDULE!$F3) -> Exton
A13: =_xlfn.CONCAT("(",SCHEDULE!$A3,") - ",TEXT(SCHEDULE!$C3,"DDD M/D")," ",TEXT(SCHEDULE!$D3,"H:MM AM/PM")," (",SCHEDULE!$L3,")") -> (2) - Sat 6/13 10:00 AM (EX-Manor Park)
B14: =IF(SCHEDULE!$P6>0,CONCATENATE(SCHEDULE!$F6," - ", SCHEDULE!$G6), SCHEDULE!$F6) -> WG-2
B15: =_xlfn.CONCAT("(",SCHEDULE!$A6,") - ",TEXT(SCHEDULE!$C6,"DDD M/D")," ",TEXT(SCHEDULE!$D6,"H:MM AM/PM")," (",SCHEDULE!$L6,")") -> (4) - Tue 6/16 6:00 PM (LM-S. Ardmore Park)
A16: =IF(SCHEDULE!$P3>0,CONCATENATE(SCHEDULE!$I3," - ", SCHEDULE!$J3), SCHEDULE!$I3) -> Radnor/Wayne
F17: =IF(SCHEDULE!$P18>0,CONCATENATE(SCHEDULE!$F18," - ", SCHEDULE!$G18), SCHEDULE!$F18) -> WG-10
D18: =IF(SCHEDULE!$P11>0,CONCATENATE(SCHEDULE!$I11," - ", SCHEDULE!$J11), SCHEDULE!$I11) -> WG-4 | F18: =_xlfn.CONCAT("(",SCHEDULE!$A18,") - ",TEXT(SCHEDULE!$C18,"DDD M/D")," ",TEXT(SCHEDULE!$D18,"H:MM AM/PM")," (",SCHEDULE!$L18,")") -> (11) - Thu 6/25 6:00 PM (BP-Field of Dreams)
B20: =IF(SCHEDULE!$P6>0,CONCATENATE(SCHEDULE!$I6," - ", SCHEDULE!$J6), SCHEDULE!$I6) -> Lower Merion
D22: =IF(SCHEDULE!$P14>0,CONCATENATE(SCHEDULE!$I14," - ", SCHEDULE!$J14), SCHEDULE!$I14) -> LG-7
D23: =_xlfn.CONCAT("(",SCHEDULE!$A14,") - ",TEXT(SCHEDULE!$C14,"DDD M/D")," ",TEXT(SCHEDULE!$D14,"H:MM AM/PM")," (",SCHEDULE!$L14,")") -> (9) - Mon 6/22 6:00 PM (R/W-Tunnell Park)
B25: =IF(SCHEDULE!$P8>0,CONCATENATE(SCHEDULE!$F8," - ", SCHEDULE!$G8), SCHEDULE!$F8) -> LG-1
B26: =_xlfn.CONCAT("(",SCHEDULE!$A8,") - ",TEXT(SCHEDULE!$C8,"DDD M/D")," ",TEXT(SCHEDULE!$D8,"H:MM AM/PM")," (",SCHEDULE!$L8,")") -> (5) - Thu 6/18 6:00 PM (R/W-Tunnell Park) | G26: =+SCHEDULE!F20 -> Champion
C27: =IF(SCHEDULE!$P12>0,CONCATENATE(SCHEDULE!$F12," - ", SCHEDULE!$G12), SCHEDULE!$F12) -> WG-5 | E27: =IF(SCHEDULE!$P16>0,CONCATENATE(SCHEDULE!$I16," - ", SCHEDULE!$J16), SCHEDULE!$I16) -> WG-9 | G27: =IF(G26="Champion","","CHAMPION")
C28: =_xlfn.CONCAT("(",SCHEDULE!$A12,") - ",TEXT(SCHEDULE!$C12,"DDD M/D")," ",TEXT(SCHEDULE!$D12,"H:MM AM/PM")," (",SCHEDULE!$L12,")") -> (8) - Sat 6/20 11:00 AM (LP-Palmer Park)
B29: =IF(SCHEDULE!$P8>0,CONCATENATE(SCHEDULE!$I8," - ", SCHEDULE!$J8), SCHEDULE!$I8) -> LG-4
D32: =IF(SCHEDULE!$P14>0,CONCATENATE(SCHEDULE!$F14," - ", SCHEDULE!$G14), SCHEDULE!$F14) -> WG-8
B34: =IF(SCHEDULE!$P9>0,CONCATENATE(SCHEDULE!$F9," - ", SCHEDULE!$G9), SCHEDULE!$F9) -> LG-2
B35: =_xlfn.CONCAT("(",SCHEDULE!$A9,") - ",TEXT(SCHEDULE!$C9,"DDD M/D")," ",TEXT(SCHEDULE!$D9,"H:MM AM/PM")," (",SCHEDULE!$L9,")") -> (6) - Thu 6/18 6:00 PM (CV-Mill Rd Park)
C36: =IF(SCHEDULE!$P12>0,CONCATENATE(SCHEDULE!$I12," - ", SCHEDULE!$J12), SCHEDULE!$I12) -> WG-6
B38: =IF(SCHEDULE!$P9>0,CONCATENATE(SCHEDULE!$I9," - ", SCHEDULE!$J9), SCHEDULE!$I9) -> LG-3 | F38: =IF(SCHEDULE!$P18>0,CONCATENATE(SCHEDULE!$I18," - ", SCHEDULE!$J18), SCHEDULE!$I18) -> If Necessary

Sheet D27
A1: G # | B1: G# | C1: Day | D1: Date | E1: Time | G1: Teams & Scores | L1: Host/Park/Field | M1: Umpire(s) | N1: Division | O1: Level | P1: Tournament | Q1: Championship | R1: D27 DA
A2: =CONCATENATE($C$30,"-",TEXT(B2,"00")) -> SB-12-01 | B2: 1 | C2: =+D2 -> 46186 | D2: =VLOOKUP($B2,SCHEDULE!$A$2:$M$26,3,FALSE) -> 46186 | E2: =VLOOKUP($B2,SCHEDULE!$A$2:$M$26,4,FALSE) -> 0.5 | G2: =VLOOKUP($B2,SCHEDULE!$A$2:$M$26,6,FALSE) -> DSBP | H2: =VLOOKUP($B2,SCHEDULE!$A$2:$M$26,7,FALSE) -> 0 | I2: =VLOOKUP($B2,SCHEDULE!$A$2:$M$26,8,FALSE) -> vs | J2: =VLOOKUP($B2,SCHEDULE!$A$2:$M$26,9,FALSE) -> Lower Perk | K2: =VLOOKUP($B2,SCHEDULE!$A$2:$M$26,10,FALSE) -> 0 | L2: =VLOOKUP($B2,SCHEDULE!$A$2:$M$26,12,FALSE) -> EX-Manor Park | M2: =VLOOKUP($B2,SCHEDULE!$A$2:$M$26,13,FALSE) -> D27 Umpires (assigned by Gary Hall) | N2: Softball | O2: D27 | P2: =+$C$30 -> SB-12
A3: =CONCATENATE($C$30,"-",TEXT(B3,"00")) -> SB-12-02 | B3: 2 | C3: =+D3 -> 46186 | D3: =VLOOKUP($B3,SCHEDULE!$A$2:$M$26,3,FALSE) -> 46186 | E3: =VLOOKUP($B3,SCHEDULE!$A$2:$M$26,4,FALSE) -> 0.41666667 | G3: =VLOOKUP($B3,SCHEDULE!$A$2:$M$26,6,FALSE) -> Exton | H3: =VLOOKUP($B3,SCHEDULE!$A$2:$M$26,7,FALSE) -> 0 | I3: =VLOOKUP($B3,SCHEDULE!$A$2:$M$26,8,FALSE) -> vs | J3: =VLOOKUP($B3,SCHEDULE!$A$2:$M$26,9,FALSE) -> Radnor/Wayne | K3: =VLOOKUP($B3,SCHEDULE!$A$2:$M$26,10,FALSE) -> 0 | L3: =VLOOKUP($B3,SCHEDULE!$A$2:$M$26,12,FALSE) -> EX-Manor Park | M3: =VLOOKUP($B3,SCHEDULE!$A$2:$M$26,13,FALSE) -> D27 Umpires (assigned by Gary Hall) | N3: Softball | O3: D27 | P3: =+$C$30 -> SB-12
A4: =CONCATENATE($C$30,"-",TEXT(B4,"00")) -> SB-12-03 | B4: 3 | C4: =+D4 -> 46189 | D4: =VLOOKUP($B4,SCHEDULE!$A$2:$M$26,3,FALSE) -> 46189 | E4: =VLOOKUP($B4,SCHEDULE!$A$2:$M$26,4,FALSE) -> 0.75 | G4: =VLOOKUP($B4,SCHEDULE!$A$2:$M$26,6,FALSE) -> Chester Valley | H4: =VLOOKUP($B4,SCHEDULE!$A$2:$M$26,7,FALSE) -> 0 | I4: =VLOOKUP($B4,SCHEDULE!$A$2:$M$26,8,FALSE) -> vs | J4: =VLOOKUP($B4,SCHEDULE!$A$2:$M$26,9,FALSE) -> WG-1 | K4: =VLOOKUP($B4,SCHEDULE!$A$2:$M$26,10,FALSE) -> 0 | L4: =VLOOKUP($B4,SCHEDULE!$A$2:$M$26,12,FALSE) -> CV-Mill Rd Park | M4: =VLOOKUP($B4,SCHEDULE!$A$2:$M$26,13,FALSE) -> D27 Umpires (assigned by Gary Hall) | N4: Softball | O4: D27 | P4: =+$C$30 -> SB-12
A5: =CONCATENATE($C$30,"-",TEXT(B5,"00")) -> SB-12-04 | B5: 4 | C5: =+D5 -> 46189 | D5: =VLOOKUP($B5,SCHEDULE!$A$2:$M$26,3,FALSE) -> 46189 | E5: =VLOOKUP($B5,SCHEDULE!$A$2:$M$26,4,FALSE) -> 0.75 | G5: =VLOOKUP($B5,SCHEDULE!$A$2:$M$26,6,FALSE) -> WG-2 | H5: =VLOOKUP($B5,SCHEDULE!$A$2:$M$26,7,FALSE) -> 0 | I5: =VLOOKUP($B5,SCHEDULE!$A$2:$M$26,8,FALSE) -> vs | J5: =VLOOKUP($B5,SCHEDULE!$A$2:$M$26,9,FALSE) -> Lower Merion | K5: =VLOOKUP($B5,SCHEDULE!$A$2:$M$26,10,FALSE) -> 0 | L5: =VLOOKUP($B5,SCHEDULE!$A$2:$M$26,12,FALSE) -> LM-S. Ardmore Park | M5: =VLOOKUP($B5,SCHEDULE!$A$2:$M$26,13,FALSE) -> D27 Umpires (assigned by Gary Hall) | N5: Softball | O5: D27 | P5: =+$C$30 -> SB-12
A6: =CONCATENATE($C$30,"-",TEXT(B6,"00")) -> SB-12-05 | B6: 5 | C6: =+D6 -> 46191 | D6: =VLOOKUP($B6,SCHEDULE!$A$2:$M$26,3,FALSE) -> 46191 | E6: =VLOOKUP($B6,SCHEDULE!$A$2:$M$26,4,FALSE) -> 0.75 | G6: =VLOOKUP($B6,SCHEDULE!$A$2:$M$26,6,FALSE) -> LG-1 | H6: =VLOOKUP($B6,SCHEDULE!$A$2:$M$26,7,FALSE) -> 0 | I6: =VLOOKUP($B6,SCHEDULE!$A$2:$M$26,8,FALSE) -> vs | J6: =VLOOKUP($B6,SCHEDULE!$A$2:$M$26,9,FALSE) -> LG-4 | K6: =VLOOKUP($B6,SCHEDULE!$A$2:$M$26,10,FALSE) -> 0 | L6: =VLOOKUP($B6,SCHEDULE!$A$2:$M$26,12,FALSE) -> R/W-Tunnell Park | M6: =VLOOKUP($B6,SCHEDULE!$A$2:$M$26,13,FALSE) -> D27 Umpires (assigned by Gary Hall) | N6: Softball | O6: D27 | P6: =+$C$30 -> SB-12
A7: =CONCATENATE($C$30,"-",TEXT(B7,"00")) -> SB-12-06 | B7: 6 | C7: =+D7 -> 46191 | D7: =VLOOKUP($B7,SCHEDULE!$A$2:$M$26,3,FALSE) -> 46191 | E7: =VLOOKUP($B7,SCHEDULE!$A$2:$M$26,4,FALSE) -> 0.75 | G7: =VLOOKUP($B7,SCHEDULE!$A$2:$M$26,6,FALSE) -> LG-2 | H7: =VLOOKUP($B7,SCHEDULE!$A$2:$M$26,7,FALSE) -> 0 | I7: =VLOOKUP($B7,SCHEDULE!$A$2:$M$26,8,FALSE) -> vs | J7: =VLOOKUP($B7,SCHEDULE!$A$2:$M$26,9,FALSE) -> LG-3 | K7: =VLOOKUP($B7,SCHEDULE!$A$2:$M$26,10,FALSE) -> 0 | L7: =VLOOKUP($B7,SCHEDULE!$A$2:$M$26,12,FALSE) -> CV-Mill Rd Park | M7: =VLOOKUP($B7,SCHEDULE!$A$2:$M$26,13,FALSE) -> D27 Umpires (assigned by Gary Hall) | N7: Softball | O7: D27 | P7: =+$C$30 -> SB-12
A8: =CONCATENATE($C$30,"-",TEXT(B8,"00")) -> SB-12-07 | B8: 7 | C8: =+D8 -> 46193 | D8: =VLOOKUP($B8,SCHEDULE!$A$2:$M$26,3,FALSE) -> 46193 | E8: =VLOOKUP($B8,SCHEDULE!$A$2:$M$26,4,FALSE) -> 0.375 | G8: =VLOOKUP($B8,SCHEDULE!$A$2:$M$26,6,FALSE) -> WG-3 | H8: =VLOOKUP($B8,SCHEDULE!$A$2:$M$26,7,FALSE) -> 0 | I8: =VLOOKUP($B8,SCHEDULE!$A$2:$M$26,8,FALSE) -> vs | J8: =VLOOKUP($B8,SCHEDULE!$A$2:$M$26,9,FALSE) -> WG-4 | K8: =VLOOKUP($B8,SCHEDULE!$A$2:$M$26,10,FALSE) -> 0 | L8: =VLOOKUP($B8,SCHEDULE!$A$2:$M$26,12,FALSE) -> LP-Palmer Park | M8: =VLOOKUP($B8,SCHEDULE!$A$2:$M$26,13,FALSE) -> D27 Umpires (assigned by Gary Hall) | N8: Softball | O8: D27 | P8: =+$C$30 -> SB-12
A9: =CONCATENATE($C$30,"-",TEXT(B9,"00")) -> SB-12-08 | B9: 8 | C9: =+D9 -> 46193 | D9: =VLOOKUP($B9,SCHEDULE!$A$2:$M$26,3,FALSE) -> 46193 | E9: =VLOOKUP($B9,SCHEDULE!$A$2:$M$26,4,FALSE) -> 0.45833333 | G9: =VLOOKUP($B9,SCHEDULE!$A$2:$M$26,6,FALSE) -> WG-5 | H9: =VLOOKUP($B9,SCHEDULE!$A$2:$M$26,7,FALSE) -> 0 | I9: =VLOOKUP($B9,SCHEDULE!$A$2:$M$26,8,FALSE) -> vs | J9: =VLOOKUP($B9,SCHEDULE!$A$2:$M$26,9,FALSE) -> WG-6 | K9: =VLOOKUP($B9,SCHEDULE!$A$2:$M$26,10,FALSE) -> 0 | L9: =VLOOKUP($B9,SCHEDULE!$A$2:$M$26,12,FALSE) -> LP-Palmer Park | M9: =VLOOKUP($B9,SCHEDULE!$A$2:$M$26,13,FALSE) -> D27 Umpires (assigned by Gary Hall) | N9: Softball | O9: D27 | P9: =+$C$30 -> SB-12
A10: =CONCATENATE($C$30,"-",TEXT(B10,"00")) -> SB-12-09 | B10: 9 | C10: =+D10 -> 46195 | D10: =VLOOKUP($B10,SCHEDULE!$A$2:$M$26,3,FALSE) -> 46195 | E10: =VLOOKUP($B10,SCHEDULE!$A$2:$M$26,4,FALSE) -> 0.75 | G10: =VLOOKUP($B10,SCHEDULE!$A$2:$M$26,6,FALSE) -> WG-8 | H10: =VLOOKUP($B10,SCHEDULE!$A$2:$M$26,7,FALSE) -> 0 | I10: =VLOOKUP($B10,SCHEDULE!$A$2:$M$26,8,FALSE) -> vs | J10: =VLOOKUP($B10,SCHEDULE!$A$2:$M$26,9,FALSE) -> LG-7 | K10: =VLOOKUP($B10,SCHEDULE!$A$2:$M$26,10,FALSE) -> 0 | L10: =VLOOKUP($B10,SCHEDULE!$A$2:$M$26,12,FALSE) -> R/W-Tunnell Park | M10: =VLOOKUP($B10,SCHEDULE!$A$2:$M$26,13,FALSE) -> D27 Umpires (assigned by Gary Hall) | N10: Softball | O10: D27 | P10: =+$C$30 -> SB-12
A11: =CONCATENATE($C$30,"-",TEXT(B11,"00")) -> SB-12-10 | B11: 10 | C11: =+D11 -> 46197 | D11: =VLOOKUP($B11,SCHEDULE!$A$2:$M$26,3,FALSE) -> 46197 | E11: =VLOOKUP($B11,SCHEDULE!$A$2:$M$26,4,FALSE) -> 0.75 | G11: =VLOOKUP($B11,SCHEDULE!$A$2:$M$26,6,FALSE) -> WG-8 | H11: =VLOOKUP($B11,SCHEDULE!$A$2:$M$26,7,FALSE) -> 0 | I11: =VLOOKUP($B11,SCHEDULE!$A$2:$M$26,8,FALSE) -> vs | J11: =VLOOKUP($B11,SCHEDULE!$A$2:$M$26,9,FALSE) -> WG-9 | K11: =VLOOKUP($B11,SCHEDULE!$A$2:$M$26,10,FALSE) -> 0 | L11: =VLOOKUP($B11,SCHEDULE!$A$2:$M$26,12,FALSE) -> BP-Field of Dreams | M11: =VLOOKUP($B11,SCHEDULE!$A$2:$M$26,13,FALSE) -> D27 Umpires (assigned by Gary Hall) | N11: Softball | O11: D27 | P11: =+$C$30 -> SB-12 | Q11: Championship
A12: =CONCATENATE($C$30,"-",TEXT(B12,"00")) -> SB-12-11 | B12: 11 | C12: =+D12 -> 46198 | D12: =VLOOKUP($B12,SCHEDULE!$A$2:$M$26,3,FALSE) -> 46198 | E12: =VLOOKUP($B12,SCHEDULE!$A$2:$M$26,4,FALSE) -> 0.75 | G12: =VLOOKUP($B12,SCHEDULE!$A$2:$M$26,6,FALSE) -> WG-10 | H12: =VLOOKUP($B12,SCHEDULE!$A$2:$M$26,7,FALSE) -> 0 | I12: =VLOOKUP($B12,SCHEDULE!$A$2:$M$26,8,FALSE) -> vs | J12: =VLOOKUP($B12,SCHEDULE!$A$2:$M$26,9,FALSE) -> If Necessary | K12: =VLOOKUP($B12,SCHEDULE!$A$2:$M$26,10,FALSE) -> 0 | L12: =VLOOKUP($B12,SCHEDULE!$A$2:$M$26,12,FALSE) -> BP-Field of Dreams | M12: =VLOOKUP($B12,SCHEDULE!$A$2:$M$26,13,FALSE) -> D27 Umpires (assigned by Gary Hall) | N12: Softball | O12: D27 | P12: =+$C$30 -> SB-12 | Q12: If Necessary
B16: # | C16: Team | D16: Manager | E16: Email Address | F16: Cell Phone | H16: ABBV | J16: Park | K16: Random # | L16: Order | M16: =+C16 -> Team | N16: GC Name | O16: =+D16 -> Manager | P16: =+E16 -> Email Address | Q16: =+J16 -> Park
B17: 1 | C17: Chester Valley | H17: CV | J17: CV-Mill Rd Park | K17: 10.04 | L17: =RANK($K17,K$17:K$23,1) -> 5 | M17: =+C17 -> Chester Valley | N17: =_xlfn.CONCAT($H17,$C$29) -> CV-D27-SB12 | O17: =+D17 -> 0 | P17: =+E17 -> 0 | Q17: =IF(J17<>"",J17,"") -> CV-Mill Rd Park
B18: =+B17+1 -> 2 | C18: DSBP | H18: DSBP | J18: BP-Field of Dreams | K18: 3.11 | L18: =RANK($K18,K$17:K$23,1) -> 1 | M18: =+C18 -> DSBP | N18: =_xlfn.CONCAT($H18,$C$29) -> DSBP-D27-SB12 | O18: =+D18 -> 0 | P18: =+E18 -> 0 | Q18: =IF(J18<>"",J18,"") -> BP-Field of Dreams
B19: =+B18+1 -> 3 | C19: Exton | H19: EX | J19: EX-Manor Park | K19: 7.06 | L19: =RANK($K19,K$17:K$23,1) -> 3 | M19: =+C19 -> Exton | N19: =_xlfn.CONCAT($H19,$C$29) -> EX-D27-SB12 | O19: =+D19 -> 0 | P19: =+E19 -> 0 | Q19: =IF(J19<>"",J19,"") -> EX-Manor Park
B20: =+B19+1 -> 4 | C20: Lower Merion | H20: LM | J20: LM-S. Ardmore Park | K20: 12.07 | L20: =RANK($K20,K$17:K$23,1) -> 6 | M20: =+C20 -> Lower Merion | N20: =_xlfn.CONCAT($H20,$C$29) -> LM-D27-SB12 | O20: =+D20 -> 0 | P20: =+E20 -> 0 | Q20: =IF(J20<>"",J20,"") -> LM-S. Ardmore Park
B21: =+B20+1 -> 5 | C21: Lower Perk | H21: LP | J21: LP-Palmer Park | K21: 6.02 | L21: =RANK($K21,K$17:K$23,1) -> 2 | M21: =+C21 -> Lower Perk | N21: =_xlfn.CONCAT($H21,$C$29) -> LP-D27-SB12 | O21: =+D21 -> 0 | P21: =+E21 -> 0 | Q21: =IF(J21<>"",J21,"") -> LP-Palmer Park
B22: =+B21+1 -> 6 | C22: Radnor/Wayne | H22: RW | J22: R/W-Tunnell Park | K22: 8.09 | L22: =RANK($K22,K$17:K$23,1) -> 4 | M22: =+C22 -> Radnor/Wayne | N22: =_xlfn.CONCAT($H22,$C$29) -> RW-D27-SB12 | O22: =+D22 -> 0 | P22: =+E22 -> 0 | Q22: =IF(J22<>"",J22,"") -> R/W-Tunnell Park
C29: -D27-SB12 | D29: GC Abbrev
C30: SB-12 | D30: Game Abbrev
