Workbook

Sheet SCHEDULE
A1: G # | B1: Day | C1: Date | D1: Time | F1: Teams & Scores | L1: Host/Park/Field | M1: Umpire(s) | N1: Umpire (bases) | P1: SUM | R1: Teams | W1: # | X1: Team | Y1: GC Name | Z1: Park | AA1: Host
A2: 1 | B2: =+C2 -> 46196 | C2: 46196 | D2: 0.72916667 | F2: =+R2 -> Lower Perk | H2: vs | I2: =+U2 -> Chester Valley | L2: LP-French Field | M2: Assigned by D27 Scott Bennett | P2: =+G2+J2 -> 0 | R2: =+X2 -> Lower Perk | U2: =+X3 -> Chester Valley | W2: 1 | X2: =VLOOKUP($W2,'D27'!$L$11:$Q$13,2,FALSE) -> Lower Perk | Y2: =VLOOKUP($W2,'D27'!$L$11:$Q$13,3,FALSE) -> LP-D27-BBJR | Z2: =VLOOKUP($W2,'D27'!$L$11:$Q$13,6,FALSE) -> LP-French Field | AA2: =IF(Z2="","",COUNTIF($L$2:$L$13,$Z2)) -> 1
W3: =+W2+1 -> 2 | X3: =VLOOKUP($W3,'D27'!$L$11:$Q$13,2,FALSE) -> Chester Valley | Y3: =VLOOKUP($W3,'D27'!$L$11:$Q$13,3,FALSE) -> CV-D27-BBJR | Z3: =VLOOKUP($W3,'D27'!$L$11:$Q$13,6,FALSE) -> CV-Monument Park | AA3: =IF(Z3="","",COUNTIF($L$2:$L$13,$Z3)) -> 2
A4: 2 | B4: =+C4 -> 46199 | C4: 46199 | D4: 0.72916667 | F4: {=IF((INDIRECT("SCHEDULE!P"&S4))>0,(IF((INDIRECT("SCHEDULE!G"&S4))>(INDIRECT("SCHEDULE!J"&S4)),(INDIRECT("SCHEDULE!F"&S4)),(INDIRECT("SCHEDULE!I"&S4)))),R4)} -> WG-1 | H4: vs | I4: =+U4 -> Great Valley Exton | L4: GV-King Road | M4: Assigned by D27 Scott Bennett | P4: =+G4+J4 -> 0 | R4: WG-1 | S4: 2 | U4: =+X4 -> Great Valley Exton | W4: =+W3+1 -> 3 | X4: =VLOOKUP($W4,'D27'!$L$11:$Q$13,2,FALSE) -> Great Valley Exton | Y4: =VLOOKUP($W4,'D27'!$L$11:$Q$13,3,FALSE) -> GVE-D27-BBJR | Z4: =VLOOKUP($W4,'D27'!$L$11:$Q$13,6,FALSE) -> GV-King Road | AA4: =IF(Z4="","",COUNTIF($L$2:$L$13,$Z4)) -> 2
A6: 3 | B6: =+C6 -> 46201 | C6: 46201 | D6: 0.66666667 | F6: {=IF((INDIRECT("SCHEDULE!P"&S6))>0,(IF((INDIRECT("SCHEDULE!G"&S6))<(INDIRECT("SCHEDULE!J"&S6)),(INDIRECT("SCHEDULE!F"&S6)),(INDIRECT("SCHEDULE!I"&S6)))),R6)} -> LG-1 | H6: vs | I6: {=IF((INDIRECT("SCHEDULE!P"&T6))>0,(IF((INDIRECT("SCHEDULE!G"&T6))<(INDIRECT("SCHEDULE!J"&T6)),(INDIRECT("SCHEDULE!F"&T6)),(INDIRECT("SCHEDULE!I"&T6)))),U6)} -> LG-2 | L6: GV-King Road | M6: Assigned by D27 Scott Bennett | P6: =+G6+J6 -> 0 | R6: LG-1 | S6: 2 | T6: 4 | U6: LG-2
A8: 4 | B8: =+C8 -> 46203 | C8: 46203 | D8: 0.72916667 | F8: {=IF((INDIRECT("SCHEDULE!P"&S8))>0,(IF((INDIRECT("SCHEDULE!G"&S8))>(INDIRECT("SCHEDULE!J"&S8)),(INDIRECT("SCHEDULE!F"&S8)),(INDIRECT("SCHEDULE!I"&S8)))),R8)} -> WG-2 | H8: vs | I8: {=IF((INDIRECT("SCHEDULE!P"&T8))>0,(IF((INDIRECT("SCHEDULE!G"&T8))>(INDIRECT("SCHEDULE!J"&T8)),(INDIRECT("SCHEDULE!F"&T8)),(INDIRECT("SCHEDULE!I"&T8)))),U8)} -> WG-3 | L8: CV-Monument Park | M8: Assigned by D27 Scott Bennett | P8: =+G8+J8 -> 0 | R8: WG-2 | S8: 4 | T8: 6 | U8: WG-3
A10: 5 | B10: =+C10 -> 46204 | C10: 46204 | D10: 0.72916667 | F10: {=IF((INDIRECT("SCHEDULE!P"&S10))>0,(IF((INDIRECT("SCHEDULE!G"&S10))>(INDIRECT("SCHEDULE!J"&S10)),(INDIRECT("SCHEDULE!F"&S10)),(INDIRECT("SCHEDULE!I"&S10)))),R10)} -> WG-4 | H10: vs | I10: {=IF((INDIRECT("SCHEDULE!P"&T10))>0,(IF((INDIRECT("SCHEDULE!G"&T10))<(INDIRECT("SCHEDULE!J"&T10)),(INDIRECT("SCHEDULE!F"&T10)),"Not Necessary")),U10)} -> If Necessary | L10: CV-Monument Park | M10: Assigned by D27 Scott Bennett | P10: =+G10+J10 -> 0 | R10: WG-4 | S10: 8 | T10: 8 | U10: If Necessary | AA10: =IF(Z10="","",COUNTIF($L$2:$L$13,$Z10))
AA11: =IF(Z11="","",COUNTIF($L$2:$L$13,$Z11))
A12: Champion | F12: {=IF(INDIRECT("SCHEDULE!P"&S12)>0,IF(INDIRECT("SCHEDULE!G"&S12)>INDIRECT("SCHEDULE!J"&S12),INDIRECT("SCHEDULE!F"&S12),INDIRECT("SCHEDULE!I"&S12)),IF(INDIRECT("SCHEDULE!P"&T12)>0,IF(INDIRECT("SCHEDULE!G"&T12)>INDIRECT("SCHEDULE!J"&T12),INDIRECT("SCHEDULE!F"&T12),R12),R12))} -> Champion | R12: Champion | S12: 10 | T12: 8 | X12: Total | AA12: =SUM(AA2:AA11) -> 5

Sheet BRACKET
D2: LL International | E2: BB-JR
A3: =IF((SCHEDULE!$P2)<1,SCHEDULE!$F2,_xlfn.CONCAT(SCHEDULE!$F2," - ", SCHEDULE!$G2)) -> Lower Perk | D3: Junior Baseball
A4: =_xlfn.CONCAT("(",SCHEDULE!$A2,") - ",TEXT(SCHEDULE!$C2,"DDD M/D")," ",TEXT(SCHEDULE!$D2,"H:MM AM/PM")," (",SCHEDULE!$L2,")") -> (1) - Tue 6/23 5:30 PM (LP-French Field) | B4: =IF((SCHEDULE!$P4)<1,SCHEDULE!$F4,_xlfn.CONCAT(SCHEDULE!$F4," - ", SCHEDULE!$G4)) -> WG-1
B5: =_xlfn.CONCAT("(",SCHEDULE!$A4,") - ",TEXT(SCHEDULE!$C4,"DDD M/D")," ",TEXT(SCHEDULE!$D4,"H:MM AM/PM")," (",SCHEDULE!$L4,")") -> (2) - Fri 6/26 5:30 PM (GV-King Road)
A6: =IF((SCHEDULE!$P2)<1,SCHEDULE!$I2,_xlfn.CONCAT(SCHEDULE!$I2," - ", SCHEDULE!$J2)) -> Chester Valley | C6: =IF((SCHEDULE!$P8)<1,SCHEDULE!$F8,_xlfn.CONCAT(SCHEDULE!$F8," - ", SCHEDULE!$G8)) -> WG-2
C7: =_xlfn.CONCAT("(",SCHEDULE!$A8,") - ",TEXT(SCHEDULE!$C8,"DDD M/D")," ",TEXT(SCHEDULE!$D8,"H:MM AM/PM")," (",SCHEDULE!$L8,")") -> (4) - Tue 6/30 5:30 PM (CV-Monument Park)
B10: =IF((SCHEDULE!$P4)<1,SCHEDULE!$I4,_xlfn.CONCAT(SCHEDULE!$I4," - ", SCHEDULE!$J4)) -> Great Valley Exton | D10: =IF((SCHEDULE!$P10)<1,SCHEDULE!$F10,_xlfn.CONCAT(SCHEDULE!$F10," - ", SCHEDULE!$G10)) -> WG-4
D11: =_xlfn.CONCAT("(",SCHEDULE!$A10,") - ",TEXT(SCHEDULE!$C10,"DDD M/D")," ",TEXT(SCHEDULE!$D10,"H:MM AM/PM")," (",SCHEDULE!$L10,")") -> (5) - Wed 7/1 5:30 PM (CV-Monument Park)
B14: =IF((SCHEDULE!$P6)<1,SCHEDULE!$F6,_xlfn.CONCAT(SCHEDULE!$F6," - ", SCHEDULE!$G6)) -> LG-1
B15: =_xlfn.CONCAT("(",SCHEDULE!$A6,") - ",TEXT(SCHEDULE!$C6,"DDD M/D")," ",TEXT(SCHEDULE!$D6,"H:MM AM/PM")," (",SCHEDULE!$L6,")") -> (3) - Sun 6/28 4:00 PM (GV-King Road) | E15: =+SCHEDULE!F12 -> Champion
C17: =IF((SCHEDULE!$P8)<1,SCHEDULE!$I8,_xlfn.CONCAT(SCHEDULE!$I8," - ", SCHEDULE!$J8)) -> WG-3 | E17: =IF(E15="CHAMPION","","CHAMPION")
B18: =IF((SCHEDULE!$P6)<1,SCHEDULE!$I6,_xlfn.CONCAT(SCHEDULE!$I6," - ", SCHEDULE!$J6)) -> LG-2
D22: =IF((SCHEDULE!$P10)<1,SCHEDULE!$I10,_xlfn.CONCAT(SCHEDULE!$I10," - ", SCHEDULE!$J10)) -> If Necessary

Sheet D27
A1: G # | B1: G# | C1: Day | D1: Date | E1: Time | G1: Teams & Scores | L1: Host/Park/Field | M1: Umpire(s) | N1: Division | O1: Level | P1: Tournament | Q1: Championship | R1: D27 DA
A2: =CONCATENATE($C$18,"-",TEXT(B2,"00")) -> BB-JR-01 | B2: 1 | C2: =+D2 -> 46196 | D2: =VLOOKUP($B2,SCHEDULE!$A$2:$O$18,3,FALSE) -> 46196 | E2: =VLOOKUP($B2,SCHEDULE!$A$2:$O$18,4,FALSE) -> 0.72916667 | G2: =VLOOKUP($B2,SCHEDULE!$A$2:$O$18,6,FALSE) -> Lower Perk | I2: =VLOOKUP($B2,SCHEDULE!$A$2:$O$18,8,FALSE) -> vs | J2: =VLOOKUP($B2,SCHEDULE!$A$2:$O$18,9,FALSE) -> Chester Valley | L2: =VLOOKUP($B2,SCHEDULE!$A$2:$O$18,12,FALSE) -> LP-French Field | M2: =VLOOKUP($B2,SCHEDULE!$A$2:$O$18,13,FALSE) -> Assigned by D27 Scott Bennett | N2: Baseball | O2: D27 | P2: =+$C$18 -> BB-JR
A3: =CONCATENATE($C$18,"-",TEXT(B3,"00")) -> BB-JR-02 | B3: 2 | C3: =+D3 -> 46199 | D3: =VLOOKUP($B3,SCHEDULE!$A$2:$O$18,3,FALSE) -> 46199 | E3: =VLOOKUP($B3,SCHEDULE!$A$2:$O$18,4,FALSE) -> 0.72916667 | G3: =VLOOKUP($B3,SCHEDULE!$A$2:$O$18,6,FALSE) -> WG-1 | I3: =VLOOKUP($B3,SCHEDULE!$A$2:$O$18,8,FALSE) -> vs | J3: =VLOOKUP($B3,SCHEDULE!$A$2:$O$18,9,FALSE) -> Great Valley Exton | L3: =VLOOKUP($B3,SCHEDULE!$A$2:$O$18,12,FALSE) -> GV-King Road | M3: =VLOOKUP($B3,SCHEDULE!$A$2:$O$18,13,FALSE) -> Assigned by D27 Scott Bennett | N3: Baseball | O3: D27 | P3: =+$C$18 -> BB-JR
A4: =CONCATENATE($C$18,"-",TEXT(B4,"00")) -> BB-JR-03 | B4: 3 | C4: =+D4 -> 46201 | D4: =VLOOKUP($B4,SCHEDULE!$A$2:$O$18,3,FALSE) -> 46201 | E4: =VLOOKUP($B4,SCHEDULE!$A$2:$O$18,4,FALSE) -> 0.66666667 | G4: =VLOOKUP($B4,SCHEDULE!$A$2:$O$18,6,FALSE) -> LG-1 | I4: =VLOOKUP($B4,SCHEDULE!$A$2:$O$18,8,FALSE) -> vs | J4: =VLOOKUP($B4,SCHEDULE!$A$2:$O$18,9,FALSE) -> LG-2 | L4: =VLOOKUP($B4,SCHEDULE!$A$2:$O$18,12,FALSE) -> GV-King Road | M4: =VLOOKUP($B4,SCHEDULE!$A$2:$O$18,13,FALSE) -> Assigned by D27 Scott Bennett | N4: Baseball | O4: D27 | P4: =+$C$18 -> BB-JR
A5: =CONCATENATE($C$18,"-",TEXT(B5,"00")) -> BB-JR-04 | B5: 4 | C5: =+D5 -> 46203 | D5: =VLOOKUP($B5,SCHEDULE!$A$2:$O$18,3,FALSE) -> 46203 | E5: =VLOOKUP($B5,SCHEDULE!$A$2:$O$18,4,FALSE) -> 0.72916667 | G5: =VLOOKUP($B5,SCHEDULE!$A$2:$O$18,6,FALSE) -> WG-2 | I5: =VLOOKUP($B5,SCHEDULE!$A$2:$O$18,8,FALSE) -> vs | J5: =VLOOKUP($B5,SCHEDULE!$A$2:$O$18,9,FALSE) -> WG-3 | L5: =VLOOKUP($B5,SCHEDULE!$A$2:$O$18,12,FALSE) -> CV-Monument Park | M5: =VLOOKUP($B5,SCHEDULE!$A$2:$O$18,13,FALSE) -> Assigned by D27 Scott Bennett | N5: Baseball | O5: D27 | P5: =+$C$18 -> BB-JR | Q5: Championship
A6: =CONCATENATE($C$18,"-",TEXT(B6,"00")) -> BB-JR-05 | B6: 5 | C6: =+D6 -> 46204 | D6: =VLOOKUP($B6,SCHEDULE!$A$2:$O$18,3,FALSE) -> 46204 | E6: =VLOOKUP($B6,SCHEDULE!$A$2:$O$18,4,FALSE) -> 0.72916667 | G6: =VLOOKUP($B6,SCHEDULE!$A$2:$O$18,6,FALSE) -> WG-4 | I6: =VLOOKUP($B6,SCHEDULE!$A$2:$O$18,8,FALSE) -> vs | J6: =VLOOKUP($B6,SCHEDULE!$A$2:$O$18,9,FALSE) -> If Necessary | L6: =VLOOKUP($B6,SCHEDULE!$A$2:$O$18,12,FALSE) -> CV-Monument Park | M6: =VLOOKUP($B6,SCHEDULE!$A$2:$O$18,13,FALSE) -> Assigned by D27 Scott Bennett | N6: Baseball | O6: D27 | P6: =+$C$18 -> BB-JR | Q6: If Necessary
B10: # | C10: Team | D10: Manager | E10: Email Address | G10: Cell Phone | H10: ABBV | J10: Park | K10: Random # | L10: Order | M10: =+C10 -> Team | N10: GC Name | O10: =+D10 -> Manager | P10: =+E10 -> Email Address | Q10: =+J10 -> Park
B11: 1 | C11: Chester Valley | H11: CV | J11: CV-Monument Park | K11: 11.05 | L11: =RANK($K11,K$11:K$13,1) -> 2 | M11: =+C11 -> Chester Valley | N11: =_xlfn.CONCAT($H11,$C$17) -> CV-D27-BBJR | O11: =+D11 -> 0 | P11: =+E11 -> 0 | Q11: =IF(J11<>"",J11,"") -> CV-Monument Park
B12: =+B11+1 -> 2 | C12: Great Valley Exton | H12: GVE | J12: GV-King Road | K12: 16.04 | L12: =RANK($K12,K$11:K$13,1) -> 3 | M12: =+C12 -> Great Valley Exton | N12: =_xlfn.CONCAT($H12,$C$17) -> GVE-D27-BBJR | O12: =+D12 -> 0 | P12: =+E12 -> 0 | Q12: =IF(J12<>"",J12,"") -> GV-King Road
B13: =+B12+1 -> 3 | C13: Lower Perk | H13: LP | J13: LP-French Field | K13: 9.08 | L13: =RANK($K13,K$11:K$13,1) -> 1 | M13: =+C13 -> Lower Perk | N13: =_xlfn.CONCAT($H13,$C$17) -> LP-D27-BBJR | O13: =+D13 -> 0 | P13: =+E13 -> 0 | Q13: =IF(J13<>"",J13,"") -> LP-French Field
C17: -D27-BBJR | D17: GC Abbrev
C18: BB-JR | D18: Tournament
