Workbook

Sheet SCHEDULE
A1: G # | B1: Day | C1: Date | D1: Time | F1: Teams & Scores | L1: Host/Park/Field | M1: Umpire(s) | N1: Umpire (bases) | P1: SUM | R1: Teams | W1: # | X1: Team | Y1: GC Name | Z1: Park | AA1: Host
A2: 1 | B2: =+C2 -> 46183 | C2: 46183 | D2: 0.75 | F2: =+R2 -> Devon/Strafford | H2: vs | I2: =+U2 -> Lower Perk (TBD) | L2: DS-Clarke Field | M2: Local Umpires | P2: =+G2+J2 -> 0 | R2: =+X2 -> Devon/Strafford | U2: =+X3 -> Lower Perk (TBD) | W2: 1 | X2: =VLOOKUP($W2,'D27'!$K$11:$P$16,2,FALSE) -> Devon/Strafford | Y2: =VLOOKUP($W2,'D27'!$K$11:$P$16,3,FALSE) -> 0 | Z2: =VLOOKUP($W2,'D27'!$K$11:$P$16,6,FALSE) -> DS-Clarke Field | AA2: =IF(Z2="","",COUNTIF($L$2:$L$48,$Z2)) -> 1
A3: 2 | B3: N/A | C3: N/A | D3: N/A | F3: =+R3 -> GVE1 (Grizzlies) | G3: 6 | H3: vs | I3: =+U3 -> Chester Valley | J3: 0 | L3: N/A | M3: N/A | P3: =+G3+J3 -> 6 | R3: =+X4 -> GVE1 (Grizzlies) | U3: =+X5 -> Chester Valley | W3: =+W2+1 -> 2 | X3: =VLOOKUP($W3,'D27'!$K$11:$P$16,2,FALSE) -> Lower Perk (TBD) | Y3: =VLOOKUP($W3,'D27'!$K$11:$P$16,3,FALSE) -> 0 | Z3: =VLOOKUP($W3,'D27'!$K$11:$P$16,6,FALSE) | AA3: =IF(Z3="","",COUNTIF($L$2:$L$48,$Z3))
W4: =+W3+1 -> 3 | X4: =VLOOKUP($W4,'D27'!$K$11:$P$16,2,FALSE) -> GVE1 (Grizzlies) | Y4: =VLOOKUP($W4,'D27'!$K$11:$P$16,3,FALSE) -> 0 | Z4: =VLOOKUP($W4,'D27'!$K$11:$P$16,6,FALSE) -> EX-Ship Park | AA4: =IF(Z4="","",COUNTIF($L$2:$L$48,$Z4)) -> 2
A5: 3 | B5: =+C5 -> 46185 | C5: 46185 | D5: 0.75 | F5: =+R5 -> GVE2 (TBD) | I5: {=IF((INDIRECT("SCHEDULE!P"&T5))>0,(IF((INDIRECT("SCHEDULE!G"&T5))>(INDIRECT("SCHEDULE!J"&T5)),(INDIRECT("SCHEDULE!F"&T5)),(INDIRECT("SCHEDULE!I"&T5)))),U5)} -> WG-1 | L5: EX-Ship Park | M5: Local Umpires | P5: =+G5+J5 -> 0 | R5: =+X6 -> GVE2 (TBD) | T5: 2 | U5: WG-1 | W5: =+W4+1 -> 4 | X5: =VLOOKUP($W5,'D27'!$K$11:$P$16,2,FALSE) -> Chester Valley | Y5: =VLOOKUP($W5,'D27'!$K$11:$P$16,3,FALSE) -> 0 | Z5: =VLOOKUP($W5,'D27'!$K$11:$P$16,6,FALSE) -> CV-Monument Park | AA5: =IF(Z5="","",COUNTIF($L$2:$L$48,$Z5)) -> 0
A6: 4 | B6: =+C6 -> 46185 | C6: 46185 | D6: 0.79166667 | F6: {=IF((INDIRECT("SCHEDULE!P"&S6))>0,(IF((INDIRECT("SCHEDULE!G"&S6))>(INDIRECT("SCHEDULE!J"&S6)),(INDIRECT("SCHEDULE!F"&S6)),(INDIRECT("SCHEDULE!I"&S6)))),R6)} -> GVE1 (Grizzlies) | I6: =+U6 -> Lower Perk (TBD) | L6: EX-Ship Park | M6: Local Umpires | P6: =+G6+J6 -> 0 | R6: WG-2 | S6: 3 | U6: =+X7 -> Lower Perk (TBD) | W6: =+W5+1 -> 5 | X6: =VLOOKUP($W6,'D27'!$K$11:$P$16,2,FALSE) -> GVE2 (TBD) | Y6: =VLOOKUP($W6,'D27'!$K$11:$P$16,3,FALSE) -> 0 | Z6: =VLOOKUP($W6,'D27'!$K$11:$P$16,6,FALSE) -> GV-King Road | AA6: =IF(Z6="","",COUNTIF($L$2:$L$48,$Z6)) -> 0
W7: =+W6+1 -> 6 | X7: =VLOOKUP($W7,'D27'!$K$11:$P$16,2,FALSE) -> Lower Perk (TBD) | Y7: =VLOOKUP($W7,'D27'!$K$11:$P$16,3,FALSE) -> 0 | Z7: =VLOOKUP($W7,'D27'!$K$11:$P$16,6,FALSE) -> LP-Palmer Park | AA7: =IF(Z7="","",COUNTIF($L$2:$L$48,$Z7)) -> 1
A8: 5 | B8: =+C8 -> 46188 | C8: 46188 | D8: 0.79166667 | F8: {=IF((INDIRECT("SCHEDULE!P"&S8))>0,(IF((INDIRECT("SCHEDULE!G"&S8))>(INDIRECT("SCHEDULE!J"&S8)),(INDIRECT("SCHEDULE!F"&S8)),(INDIRECT("SCHEDULE!I"&S8)))),R8)} -> WG-3 | H8: vs | I8: {=IF((INDIRECT("SCHEDULE!P"&T8))>0,(IF((INDIRECT("SCHEDULE!G"&T8))>(INDIRECT("SCHEDULE!J"&T8)),(INDIRECT("SCHEDULE!F"&T8)),(INDIRECT("SCHEDULE!I"&T8)))),U8)} -> WG-4 | L8: LP-Palmer Park | M8: Assigned by D27 Gary Hall | P8: =+G8+J8 -> 0 | R8: WG-3 | S8: 5 | T8: 6 | U8: WG-4 | AA8: =IF(Z8="","",COUNTIF(#REF!,$Z8))
AA9: =IF(Z9="","",COUNTIF(#REF!,$Z9))
A10: Champion | F10: {=IF((INDIRECT("SCHEDULE!P"&S10))>0,(IF((INDIRECT("SCHEDULE!G"&S10))>(INDIRECT("SCHEDULE!J"&S10)),(INDIRECT("SCHEDULE!F"&S10)),(INDIRECT("SCHEDULE!I"&S10)))),R10)} -> Champion | R10: Champion | S10: 8 | X10: Total | AA10: =SUM(AA2:AA9) -> 4
L13: * Local Umpires = Umpires hired and securied by the Host League

Sheet BRACKET
D2: D27 Special Games | E2: BB-Bob Jones
D3: 11/12 YO Baseball
B5: =IF(SCHEDULE!$P5<1,SCHEDULE!$F5,_xlfn.CONCAT(SCHEDULE!$F5," - ", SCHEDULE!$G5)) -> GVE2 (TBD)
A6: =IF(SCHEDULE!$P2<1,SCHEDULE!$F2,_xlfn.CONCAT(SCHEDULE!$F2," - ", SCHEDULE!$G2)) -> Devon/Strafford | B6: =_xlfn.CONCAT("(",SCHEDULE!$A5,") - ",TEXT(SCHEDULE!$C5,"DDD M/D")," ",TEXT(SCHEDULE!$D5,"H:MM AM/PM")," (",SCHEDULE!$L5,")") -> (3) - Fri 6/12 6:00 PM (EX-Ship Park) | C6: =IF(SCHEDULE!$P8<1,SCHEDULE!$F8,_xlfn.CONCAT(SCHEDULE!$F8," - ", SCHEDULE!$G8)) -> WG-3
A7: =_xlfn.CONCAT("(",SCHEDULE!$A2,") - ",TEXT(SCHEDULE!$C2,"DDD M/D")," ",TEXT(SCHEDULE!$D2,"H:MM AM/PM")," (",SCHEDULE!$L2,")") -> (1) - Wed 6/10 6:00 PM (DS-Clarke Field) | C7: =_xlfn.CONCAT("(",SCHEDULE!$A8,") - ",TEXT(SCHEDULE!$C8,"DDD M/D")," ",TEXT(SCHEDULE!$D8,"H:MM AM/PM")," (",SCHEDULE!$L8,")") -> (5) - Mon 6/15 7:00 PM (LP-Palmer Park)
B8: =IF(SCHEDULE!$P5<1,SCHEDULE!$I5,_xlfn.CONCAT(SCHEDULE!$I5," - ", SCHEDULE!$J5)) -> WG-1
A9: =IF(SCHEDULE!$P2<1,SCHEDULE!$I2,_xlfn.CONCAT(SCHEDULE!$I2," - ", SCHEDULE!$J2)) -> Lower Perk (TBD)
D10: =+SCHEDULE!F10 -> Champion
A11: =IF(SCHEDULE!$P3<1,SCHEDULE!$F3,_xlfn.CONCAT(SCHEDULE!$F3," - ", SCHEDULE!$G3)) -> GVE1 (Grizzlies) - 6 | D11: =IF(D10="CHAMPION","","CHAMPION")
A12: =_xlfn.CONCAT("(",SCHEDULE!$A3,") - ",TEXT(SCHEDULE!$C3,"DDD M/D")," ",TEXT(SCHEDULE!$D3,"H:MM AM/PM")," (",SCHEDULE!$L3,")") -> (2) - N/A N/A (N/A) | B12: =IF(SCHEDULE!$P6<1,SCHEDULE!$F6,_xlfn.CONCAT(SCHEDULE!$F6," - ", SCHEDULE!$G6)) -> GVE1 (Grizzlies)
B13: =_xlfn.CONCAT("(",SCHEDULE!$A6,") - ",TEXT(SCHEDULE!$C6,"DDD M/D")," ",TEXT(SCHEDULE!$D6,"H:MM AM/PM")," (",SCHEDULE!$L6,")") -> (4) - Fri 6/12 7:00 PM (EX-Ship Park)
A14: =IF(SCHEDULE!$P3<1,SCHEDULE!$I3,_xlfn.CONCAT(SCHEDULE!$I3," - ", SCHEDULE!$J3)) -> Chester Valley - 0 | C14: =IF(SCHEDULE!$P8<1,SCHEDULE!$I8,_xlfn.CONCAT(SCHEDULE!$I8," - ", SCHEDULE!$J8)) -> WG-4
B15: =IF(SCHEDULE!$P6<1,SCHEDULE!$I6,_xlfn.CONCAT(SCHEDULE!$I6," - ", SCHEDULE!$J6)) -> Lower Perk (TBD)

Sheet D27
A1: =+SCHEDULE!A1 -> G # | B1: G# | C1: =+SCHEDULE!B1 -> Day | D1: =+SCHEDULE!C1 -> Date | E1: =+SCHEDULE!D1 -> Time | G1: =+SCHEDULE!F1 -> Teams & Scores | L1: =+SCHEDULE!L1 -> Host/Park/Field | M1: =+SCHEDULE!M1 -> Umpire(s) | N1: Division | O1: Level | P1: Tournament | Q1: Championship | R1: D27 DA
A2: =CONCATENATE($C$23,"-",B2) -> BB-BobJones-1 | B2: 1 | C2: =VLOOKUP($B2,SCHEDULE!$A$2:$M$8,2,FALSE) -> 46183 | D2: =VLOOKUP($B2,SCHEDULE!$A$2:$M$8,3,FALSE) -> 46183 | E2: =VLOOKUP($B2,SCHEDULE!$A$2:$M$8,4,FALSE) -> 0.75 | G2: =VLOOKUP($B2,SCHEDULE!$A$2:$M$8,6,FALSE) -> Devon/Strafford | H2: =VLOOKUP($B2,SCHEDULE!$A$2:$M$8,7,FALSE) -> 0 | I2: =VLOOKUP($B2,SCHEDULE!$A$2:$M$8,8,FALSE) -> vs | J2: =VLOOKUP($B2,SCHEDULE!$A$2:$M$8,9,FALSE) -> Lower Perk (TBD) | K2: =VLOOKUP($B2,SCHEDULE!$A$2:$M$8,10,FALSE) -> 0 | L2: =VLOOKUP($B2,SCHEDULE!$A$2:$M$8,12,FALSE) -> DS-Clarke Field | M2: =VLOOKUP($B2,SCHEDULE!$A$2:$M$8,13,FALSE) -> Local Umpires | N2: Baseball | O2: D27 Special Games | P2: =+C23 -> BB-BobJones
A3: =CONCATENATE($C$23,"-",B3) -> BB-BobJones-2 | B3: 2 | C3: =VLOOKUP($B3,SCHEDULE!$A$2:$M$8,2,FALSE) -> N/A | D3: =VLOOKUP($B3,SCHEDULE!$A$2:$M$8,3,FALSE) -> N/A | E3: =VLOOKUP($B3,SCHEDULE!$A$2:$M$8,4,FALSE) -> N/A | G3: =VLOOKUP($B3,SCHEDULE!$A$2:$M$8,6,FALSE) -> GVE1 (Grizzlies) | H3: =VLOOKUP($B3,SCHEDULE!$A$2:$M$8,7,FALSE) -> 6 | I3: =VLOOKUP($B3,SCHEDULE!$A$2:$M$8,8,FALSE) -> vs | J3: =VLOOKUP($B3,SCHEDULE!$A$2:$M$8,9,FALSE) -> Chester Valley | K3: =VLOOKUP($B3,SCHEDULE!$A$2:$M$8,10,FALSE) -> 0 | L3: =VLOOKUP($B3,SCHEDULE!$A$2:$M$8,12,FALSE) -> N/A | M3: =VLOOKUP($B3,SCHEDULE!$A$2:$M$8,13,FALSE) -> N/A | N3: Baseball | O3: D27 Special Games | P3: =+P2 -> BB-BobJones
A4: =CONCATENATE($C$23,"-",B4) -> BB-BobJones-3 | B4: 3 | C4: =VLOOKUP($B4,SCHEDULE!$A$2:$M$8,2,FALSE) -> 46185 | D4: =VLOOKUP($B4,SCHEDULE!$A$2:$M$8,3,FALSE) -> 46185 | E4: =VLOOKUP($B4,SCHEDULE!$A$2:$M$8,4,FALSE) -> 0.75 | G4: =VLOOKUP($B4,SCHEDULE!$A$2:$M$8,6,FALSE) -> GVE2 (TBD) | H4: =VLOOKUP($B4,SCHEDULE!$A$2:$M$8,7,FALSE) -> 0 | I4: =VLOOKUP($B4,SCHEDULE!$A$2:$M$8,8,FALSE) -> 0 | J4: =VLOOKUP($B4,SCHEDULE!$A$2:$M$8,9,FALSE) -> WG-1 | K4: =VLOOKUP($B4,SCHEDULE!$A$2:$M$8,10,FALSE) -> 0 | L4: =VLOOKUP($B4,SCHEDULE!$A$2:$M$8,12,FALSE) -> EX-Ship Park | M4: =VLOOKUP($B4,SCHEDULE!$A$2:$M$8,13,FALSE) -> Local Umpires | N4: Baseball | O4: D27 Special Games | P4: =+P3 -> BB-BobJones
A5: =CONCATENATE($C$23,"-",B5) -> BB-BobJones-4 | B5: 4 | C5: =VLOOKUP($B5,SCHEDULE!$A$2:$M$8,2,FALSE) -> 46185 | D5: =VLOOKUP($B5,SCHEDULE!$A$2:$M$8,3,FALSE) -> 46185 | E5: =VLOOKUP($B5,SCHEDULE!$A$2:$M$8,4,FALSE) -> 0.79166667 | G5: =VLOOKUP($B5,SCHEDULE!$A$2:$M$8,6,FALSE) -> GVE1 (Grizzlies) | H5: =VLOOKUP($B5,SCHEDULE!$A$2:$M$8,7,FALSE) -> 0 | I5: =VLOOKUP($B5,SCHEDULE!$A$2:$M$8,8,FALSE) -> 0 | J5: =VLOOKUP($B5,SCHEDULE!$A$2:$M$8,9,FALSE) -> Lower Perk (TBD) | K5: =VLOOKUP($B5,SCHEDULE!$A$2:$M$8,10,FALSE) -> 0 | L5: =VLOOKUP($B5,SCHEDULE!$A$2:$M$8,12,FALSE) -> EX-Ship Park | M5: =VLOOKUP($B5,SCHEDULE!$A$2:$M$8,13,FALSE) -> Local Umpires | N5: Baseball | O5: D27 Special Games | P5: =+P4 -> BB-BobJones
A6: =CONCATENATE($C$23,"-",B6) -> BB-BobJones-5 | B6: 5 | C6: =VLOOKUP($B6,SCHEDULE!$A$2:$M$8,2,FALSE) -> 46188 | D6: =VLOOKUP($B6,SCHEDULE!$A$2:$M$8,3,FALSE) -> 46188 | E6: =VLOOKUP($B6,SCHEDULE!$A$2:$M$8,4,FALSE) -> 0.79166667 | G6: =VLOOKUP($B6,SCHEDULE!$A$2:$M$8,6,FALSE) -> WG-3 | H6: =VLOOKUP($B6,SCHEDULE!$A$2:$M$8,7,FALSE) -> 0 | I6: =VLOOKUP($B6,SCHEDULE!$A$2:$M$8,8,FALSE) -> vs | J6: =VLOOKUP($B6,SCHEDULE!$A$2:$M$8,9,FALSE) -> WG-4 | K6: =VLOOKUP($B6,SCHEDULE!$A$2:$M$8,10,FALSE) -> 0 | L6: =VLOOKUP($B6,SCHEDULE!$A$2:$M$8,12,FALSE) -> LP-Palmer Park | M6: =VLOOKUP($B6,SCHEDULE!$A$2:$M$8,13,FALSE) -> Assigned by D27 Gary Hall | N6: Baseball | O6: D27 Special Games | P6: =+P5 -> BB-BobJones | Q6: Championship
B10: # | C10: Team | D10: Manager | E10: Cell Phone | G10: Email Address | H10: ABBV | I10: Park | J10: Points | K10: Order | L10: =+C10 -> Team | M10: GC Name | N10: =+D10 -> Manager | O10: =+E10 -> Cell Phone | P10: =+I10 -> Park
B11: 1 | C11: Devon/Strafford | D11: Joe Cecco | E11: 610-551-4684 | G11: jcecco@verizon.net | H11: DS | I11: DS-Clarke Field | J11: 6.06 | K11: =RANK($J11,J$11:J$16,1) -> 1 | L11: =+C11 -> Devon/Strafford | N11: =+D11 -> Joe Cecco | O11: =+E11 -> 610-551-4684 | P11: =IF(I11<>"",I11,"") -> DS-Clarke Field
B12: =+B11+1 -> 2 | C12: Chester Valley | H12: CV | I12: CV-Monument Park | J12: 11.08 | K12: =RANK($J12,J$11:J$16,1) -> 4 | L12: =+C12 -> Chester Valley | N12: =+D12 -> 0 | O12: =+E12 -> 0 | P12: =IF(I12<>"",I12,"") -> CV-Monument Park
B13: =+B12+1 -> 3 | C13: GVE1 (Grizzlies) | D13: Rich Boyd | H13: GVE1 | I13: EX-Ship Park | J13: 11.05 | K13: =RANK($J13,J$11:J$16,1) -> 3 | L13: =+C13 -> GVE1 (Grizzlies) | N13: =+D13 -> Rich Boyd | O13: =+E13 -> 0 | P13: =IF(I13<>"",I13,"") -> EX-Ship Park
B14: 4 | C14: GVE2 (TBD) | H14: GVE2 | I14: GV-King Road | J14: 11.09 | K14: =RANK($J14,J$11:J$16,1) -> 5 | L14: =+C14 -> GVE2 (TBD) | N14: =+D14 -> 0 | O14: =+E14 -> 0 | P14: =IF(I14<>"",I14,"") -> GV-King Road
B15: 5 | C15: Lower Perk (TBD) | D15: Doug Ervin | H15: LP1 | I15: LP-Palmer Park | J15: 14.04 | K15: =RANK($J15,J$11:J$16,1) -> 6 | L15: =+C15 -> Lower Perk (TBD) | N15: =+D15 -> Doug Ervin | O15: =+E15 -> 0 | P15: =IF(I15<>"",I15,"") -> LP-Palmer Park
B16: 6 | C16: Lower Perk (TBD) | D16: Doug Ervin | H16: LP2 | J16: 8.08 | K16: =RANK($J16,J$11:J$16,1) -> 2 | L16: =+C16 -> Lower Perk (TBD) | N16: =+D16 -> Doug Ervin | O16: =+E16 -> 0 | P16: =IF(I16<>"",I16,"")
C22: -D27-BJ- | D22: GC Abbrev
C23: BB-BobJones | D23: Game Abbrev
